ID,SETUP,PUNCH
1,"Como deixar alguém curioso?"," Eu conto amanhã."
2,"Por que os fantasmas são péssimos para contar mentiras?"," Porque são transparentes."
3,"Por que a plantinha não foi atendida no hospital?"," Porque só tinha médico de plantão."
4,"Se você está se sentindo sozinho, abandonado, achando que ninguém liga para você..."," Atrase um pagamento."
5,"- Doutor, como eu faço para emagrecer? - Basta a senhora mover a cabeça da esquerda para a direita e da direita para a esquerda. - Quantas vezes, doutor? -"," Todas as vezes que lhe oferecerem comida."
6,"Dois amigos se encontram depois de muitos anos. - Casei, separei e já fizemos a partilha dos bens. - E as crianças? - O juiz decidiu que ficariam com aquele que mais bens recebeu. - Então ficaram com a mãe?"," - Não, ficaram com nosso advogado."
7,"O que a Lua disse ao Sol?"," – Nossa, você é tão grande e ainda não te deixam sair à noite!"
8,"Eu perdi peso no mês passado."," Mas este mês ele já me encontrou de novo."
9,"Sabe qual é a melhor forma de consumir o tempo?"," Comer relógios."
10,"Eu saí do meu trabalho. Não conseguiria continuar lá depois do que o meu chefe disse... O que ele disse?"," Você está despedido."
11,"- Dói, né? - O quê?"," - Deitar no sofá e lembrar que esqueceu o controle."
12,"Dois tomatinhos iam atravessar a rua, e um disse ao outro: -Cuidado, vem aí um carro! O outro não ouviu nada e atravessou. O carro passou por cima dele e o outro disse:"," – Já não é um tomate, é ketchup!"
13,"O condenado à morte esperava a hora da execução, quando chegou o padre: - Meu filho, vim trazer a palavra de Deus para você."," - Perda de tempo, seu padre. Daqui a pouco vou falar com Ele, pessoalmente. Algum recado?"
14,"Um rapaz chegou num velório e a primeira coisa que perguntou foi: – Qual é a senha do Wi-Fi? Um parente incomodado disse: – Respeite o falecido!"," E ele perguntou: – É tudo junto?"
15,"Manuel está tomando banho, e grita para Maria: – Ô Maria, me traz um xampu. E Maria lhe entrega o xampu. Logo em seguida, ele grita novamente: – Ô Maria, me traz outro xampu. – Mas eu já te dei um agorinha mesmo, homem!"," – É que aqui está dizendo que é para cabelos secos, e eu já molhei os meus."
16,"Você sabe por que a água foi presa?"," Porque ela matou a sede."
17,"Dois amigos conversando… -Meu pai quer que eu faça Direito e seja um bom Advogado. -Que bom, vai seguir a profissão do velho?"," -Não, ele quer que tire ele da cadeia."
18,"Qual a cidade brasileira que não tem táxi?"," Uberlândia."
19,"Aluno de Direito ao fazer prova oral: - O que é uma fraude? - É o que o senhor professor está fazendo - responde o aluno. O professor fica indignado: ora essa, explique-se. Então diz o aluno:"," segundo o Código Penal, comete fraude todo aquele que se aproveita da ignorância do outro para o prejudicar."
20,"Um eletricista vai até a UTI de um hospital, olha para os pacientes ligados a diversos tipos de aparelhos e diz-lhes:"," Respirem fundo: vou trocar o fusível."
21,"Fui no café e perguntei se o salgado era de hoje. – Não, é de ontem. – E como faço pra comer o de hoje?"," – Volte amanhã!"
22,"Qual a fórmula da água benta?"," H Deus O."
23,"– Miguel, aonde vai tão circunspecto e assaz atribulado?"," – Eu ia no banheiro, mas agora vou consultar um dicionário."
24,"Qual o contrário de papelada?"," Pá vestida."
25,"Contei uma piada química,"," mas não teve reação."
26,"Um canguru consegue pular mais alto que o Banespão?"," Claro, o Banespão não pula."
27,"O que o tijolo falou para o outro?"," Há um ciumento entre nós."
28,"O que o cadarço falou para o tênis?"," Eu me amarro em você."
29,"Por que o jacaré tirou o filho da escola?"," Porque ele réptil de ano."
30,"Como o Batman conheceu o Robin?"," Pelo bat-papo."
31,"Você sabe quem é o rei dos queijos?"," É o reiqueijão."
32,"Por que o porco está sempre feliz?"," Porque está de bacon a vida."
33,"Qual a diferença entre o gato e coca-cola?"," O gato mia e a coca light."
34,"Qual é o cúmulo da solidão?"," Morar sozinho e fugir de casa."
35,"Qual é o alimento mais sagrado que existe?"," O amém doim."
36,"O funcionário reclama do baixo salário que recebe e resolve reclamar com o patrão: — Meu salário não está compatível com as minhas aptidões!"," — Eu sei, eu sei! Mas não podemos deixar você morrer de fome."
37,"Por que o cachorro entrou na igreja?"," Porque é um pastor alemão."
38,"Por que a mulher do Hulk divorciou-se dele?"," Porque ela queria um homem mais maduro…"
39,"Por que Stalin não atendeu o telefone?"," Porque achou que era Trótski."
40,"Assim, por que Napoleão era sempre chamado para as festas na França?"," Então, é porque ele era Bom Na Party (Bonaparte)."
41,"Você conhece a piada do fotógrafo?"," Ainda não foi revelada."
42,"Na frase “ele acordou cedo”, onde está o sujeito?"," Em algum lugar com sono."
43,"Quer pedir desculpas?"," A partir de hoje só aceito pedido em dinheiro."
44,"Gosto tanto de vencer"," que nem peso eu perco."
45,"Um homem vai a uma loja para comprar um novo celular. Modelo? - pergunta o atendente."," Não, eu sou mecânico, mas obrigado!"
46,"Já marquei na agenda quando vou resolver todos os meus problemas:"," no próximo 30 de fevereiro."
47,"Então, o que o pagodeiro foi fazer na igreja?"," Foi cantar Pá God."
48,"O que o cliente disse ao entrar na H.Stern?"," E aí, tudo joia?"
49,"Por que o rádio não pode ter filhos?"," Porque ele é stereo."
50,"Por que o policial não usa sabão?"," Porque ele prefere deter gente."
51,"Na frase Proibido estacionar, qual é o sujeito da oração?"," Sujeito a guincho."
52,"O que a galinha foi fazer na igreja ?"," Assistir a Missa do Galo."
53,"O que o padeiro falou para o John Lennon?"," O sonho acabou."
54,"Querido, onde está aquele livro Como viver 100 anos? - Joguei fora! - Jogou fora? Por quê?"," - É que sua mãe vem nos visitar amanhã e eu não quero que ela leia essas coisas!"
55,"Afinal, você conhece a piada do pônei?"," Pô nei eu."
56,"Por que as plantas pequenas não falam?"," Porque elas são mudinhas."
57,"Então, por que a velhinha não usa relógio?"," Porque ela é sem hora."
58,"Então, havia dois caminhões voando. Um caiu. No entanto, por que o outro continuou voando?"," Porque era caminhão-pipa."
59,"Se você tem uma opinião sobre a minha vida, levante as suas mãos."," Agora coloque-a entre os dentes da boca."
60,"Qual a fruta que anda de trem?"," O kiwiiiii."
61,"O pai pergunta à filha: - Filha, você acha que sua professora desconfia que eu estou te ajudando a fazer a lição de casa?"," - Acho que sim, pai. Ela até já me disse que você deveria voltar para escola!"
62,"O que é um astrólogo andando a cavalo ?"," Cavaleiro do Zodíaco."
63,"Por que o mouse é muito mimado?"," Porque tudo o que ele quer, o mouse pad."
64,"Joãozinho chega atrasado à escola. Quando ele entra na sala de aula, a professora diz: - De novo atrasado, Joãozinho?"," - Ué, professora! Não é a senhora que diz que nunca é tarde para aprender?"
65,"Por que o Batman colocou o batmóvel no seguro?"," Porque ele tem medo que Robin."
66,"Por que o pinheiro não se perde na floresta?"," Porque ele tem uma pinha (um mapinha)."
67,"Como transformar o giz em uma cobra?"," É só colocar ele na água que o GIZBÓIA!"
68,"O que fala o livro de Matemática para o livro de História?"," Não me venha com história que eu já estou cheio de problema!"
69,"Como se faz omelete de chocolate?"," Com ovos de páscoa."
70,"O que é um pontinho verde no canto da sala?"," R: Uma ervilha de castigo."
71,"Qual é o mercado que voa?"," É o super-mercado!"
72,"Professora: Feche a janela, Joãozinho, está frio lá fora."," Joãozinho: Vai continuar frio lá fora mesmo se eu fechar a janela."
73,"O que um cromossomo falou pro outro?"," Cromossomos bonitos!"
74,"O que é um pontinho azul no gramado?"," Resposta: é uma formiguinha de calça jeans."
75,"O que é um pontinho preto no avião?"," Resposta: Aeromosca"
76,"Qual é o fim da picada?"," Quando o mosquito vai embora."
77,"Por que os bombeiros não conseguem andar?"," Porque eles só-correm."
78,"Qual o animal que já valeu muito, mas que atualmente não vale nada?"," O javali."
79,"Por que os elétrons nunca são convidados para festas?"," Porque eles são muito negativos."
80,"O que um álcool disse para outro álcool?"," Etanois!"
81,"Que raça de cachorro pula mais alto que um prédio?"," Qualquer uma, ué. Prédio não pula."
82,"O que o tubarão disse quando comeu o peixe-palhaço?"," Que gosto engraçado!"
83,"Qual é o alimento mais sagrado que existe?"," O amém doím."
84,"Por que o arqueólogo escolheu essa profissão?"," Porque a carreira dele estava em ruínas."
85,"Por que a esposa do Hulk pediu divórcio?"," Porque ele era maduro demais."
86,"Qual é o contrário de volátil?"," Essa é fácil: vem cá sobrinho."
87,"Por que os pássaros voam para o sul?"," Porque é muito longe para ir andando!"
88,"Todas as frutas foram passar as férias na montanha, menos o mamão."," Porque o mamão foi papaia!"
89,"Por que a Coca-Cola e a Fanta se dão muito bem?"," Porque se a Fanta quebra, a Coca, Cola!"
90,"O que é um piolho na cabeça de um careca?"," Um sem terra!"
91,"Por que o menino estava falando ao telefone deitado?"," Para não cair a ligação."
92,"A enfermeira diz ao médico: - Tem um homem invisível na sala de espera. O médico responde:"," - Diga a ele que não posso vê-lo agora."
93,"Era uma vez um pintinho que se chamava Relam."," Toda vez que chovia, Relam piava!"
94,"O que o tijolo falou para o outro?"," Há um ciumento entre nós."
95,"Por que o Batman colocou o bat-móvel no seguro?"," Porque ele tem medo que Robin!"
96,"Qual é o alimento mais sagrado que existe?"," O amém doím."
97,"Por que o policial não usa sabão?"," Porque ele prefere deter gente."
98,"O que o padeiro falou para o John Lennon?"," O sonho acabou."
99,"Qual a fruta que anda de trem?"," O kiwiii."
100,"O que é um astrólogo andando a cavalo?"," Um cavaleiro do Zodíaco."
101,"O que é um pontinho preto no avião?"," Uma aeromosca."
102,"Como que o mineiro usa a internet?"," Pelo UAI-fai."
103,"Qual é a galinha que cai no chão e surta?"," A galinha cai i pira."
104,"Qual é a diferença entre o lago e a padaria?"," No lago há sapinhos e na padaria assa pão."
105,"Qual é o melhor tratamento para pessoas que sofrem de queda constante?"," Para-quedismo."
106,"Um tênis foi jogado ao mar e afundou. Qual o nome do filme?"," Titanike."
107,"Você conhece a piada do fotógrafo?"," Não. É porque ela não foi revelada."
108,"Qual é o tio da construção?"," O tio Jolo."
109,"Por que o livro de matemática ficou triste?"," Porque tinha muitos problemas."
110,"Qual é o lugar mais silencioso do mundo?"," A biblioteca de piadas."
111,"Qual é o animal mais antigo?"," A zebra, porque está sempre a preto e branco."
112,"O que o pato falou para a pata?"," Vamos juntar os trapinhos?"
113,"O que o feijão disse para o arroz?"," Você me completa!"
114,"Por que o gato não gosta de passear?"," Porque ele já tem telhado."
115,"Qual é o animal mais vaidoso?"," O jacaré, porque ele é cheio de bolsas."
116,"Como se chama um cachorro com um rabo enorme?"," Largacão!"
117,"O que a banana suicida falou?"," Macacos me mordam!"
118,"O que o zero disse para o oito?"," Que cinto bonito!"
119,"Por que a minhoca não briga com ninguém?"," Porque ela sempre está com a boca cheia de terra."
120,"Por que a mulher do Hulk divorciou-se dele?"," Porque ela queria um homem mais maduro."
121,"Qual é o animal mais antenado?"," A barata."
122,"O que o advogado do frango foi fazer na delegacia?"," Foi soltar a franga."
123,"O que o tomate foi fazer no banco?"," Foi tirar extrato."
124,"O que a vaca foi fazer no espaço?"," Foi procurar o vácuo."
125,"O que a fechadura falou para a chave?"," Vamos dar uma voltinha?"
126,"Qual o animal que machuca sem morder?"," O porco-espinho."
127,"O que a impressora falou para o papel?"," Esse é o nosso último encontro, é sempre a mesma folha."
128,"Qual é o alimento que liga e desliga?"," O StrogON-OFF."
129,"Por que o gato foi ao dentista?"," Porque ele tinha miau-hálito."
130,"Qual é o contrário de volátil?"," Vem cá, sobrinho."
131,"O que o livro de biologia falou para o de matemática?"," Sinto falta de lógica na minha vida."
132,"Qual é o fim da picada?"," Quando o mosquito vai embora."
133,"Por que o louco não usa relógio?"," Porque ele perde a noção do tempo."
134,"O que o dedão do pé falou para o tornozelo?"," Não liga, sou só um apêndice."
135,"Por que ninguém falou com o chocolate?"," Porque ele estava meio amargo."
136,"O que a melancia disse para a outra?"," Marry me-lancia."
137,"O que o gato faz com a guitarra?"," Miau-sica."
138,"Por que a aranha é o animal mais feliz do mundo?"," Porque ela vive dando boas risadas."
139,"O que o padeiro disse para o biscoito?"," Nossa, como você é duro na queda!"
140,"O que o relógio foi fazer no jogo de futebol?"," Foi dar o segundo tempo."
141,"O que o macarrão falou para o miojo?"," Meu filho, você está tão depressa!"
142,"O que o disco disse para a agulha?"," Não se espete onde não é chamada."
143,"Por que a sala estava com frio?"," Porque tinha um ar-condicionado."
144,"Por que o pintinho atravessou a rua correndo?"," Para não virar frango à passarinho."
145,"Qual animal se veste mais formal?"," A gravata borboleta!"
146,"O que o vidro disse para o carro?"," Não me quebre o coração!"
147,"Por que a piada do pônei era tão fofa?"," Porque era cavaloarinhosa!"
148,"Por que o pássaro não usa Facebook?"," Porque ele já tem Twitter!"
149,"O que o elevador disse para o outro elevador?"," Esse nosso relacionamento tem altos e baixos."
150,"O que o cachorro foi fazer na igreja?"," Foi confessar que aprontou todas."
151,"Por que a cenoura não é vaidosa?"," Porque ela não se maquia, só rala!"
152,"Um homem condenado à morte começa a conversar com uma padre antes de sua execução: -Meu filho, ainda que pecador, vim trazer a palavra do Pai para você!"," -Ô, padre! Precisa não, daqui a pouco vou encontrá-lo pessoalmente."
153,"Qual a cidade que todos os habitantes andam de carro?"," Uberlândia!"
154,"Todo mundo tenta conversar com a planta, mas por que ela não responde?"," Porque ela é mudinha!"
155,"Como o Batman faz para abrir a batcaverna?"," Ele bat-palma!"
156,"Sabe por que um canguru consegue pular mais alto que um prédio?"," Porque prédio não pula!"
157,"Por que a batata e o pão não conseguem conversar?"," Porque a batata é inglesa e o pão francês."
158,"Quem é mais velho, o sol ou a lua?"," A lua, porque já pode sair à noite."
159,"Por que o homem jogou o computador no mar?"," Para conseguir navegar na internet!"
160,"Por que o fantasma entrou no elevador?"," Para elevar o espírito."
161,"Qual animal faz cocô e coloca a culpa nos outros?"," A cacatua."
162,"O que o martelo foi fazer no culto?"," Pregar."
163,"Por que o jacaré tirou o jacarézinho da escola?"," Porque ele réptil de ano!"
164,"O que o pagodeiro foi fazer no culto?"," Canta \"pá god\"."
165,"O que a Xuxa foi fazer no bar?"," Beber caSasha (com a Sasha)."
166,"O que o vidro disse para a \"vidra\"?"," Estou vidrado em você."
167,"Por que o feijão vive chorando pelos cantos?"," Pois ele é cozido na panela depressão."
168,"Um barco com três homens virou, porém, só dois molharam o cabelo, por quê?"," Um deles é careca!"
169,"Dois caminhões caíram de um penhasco, mas um continuou voando, por quê? ","Porque ele é um caminhão-pipa."
170,"Um caipira está assistindo televisão, quando um amigo chega e pergunta:"," -Firme? -Não, rapá! Futebor!"
171,"Por que o bombeiro não caminha?"," Porque ele socorre (só corre)."
172,"Joãozinho chega desesperado para a mãe: -Mamãe! Mamãe! Tem um mentiroso na escola! A mão olha de cima a baixo para o menino e responde:"," -Só pode ser você! Nem na escola você está ainda."
173,"Qual a fórmula química da água benta?"," H Deus O."
174,"Como é a piada do pintinho caipira?"," Pir!"
175,"O que a vaca disse para o boi?"," Te amuuuuuuu!"
176,"-Queria muito comemorar meu aniversário neste mês de novembro? -E o que falta?"," -É que nasci em maio!"
177,"O que o pato falou para a pata?"," Vem \"quá\"!"
178,"A plantinha se machucou, porém, nenhum especialista quis atender seu caso, por quê?"," Porque só tinha médico de plantão."
179,"Por que a formiga só tem quatro patas?"," Pois se tivesse 5, seria \"fivemiga\"."
180,"Por que a banana acaba em segundo em todas as competições?"," Porque ela é banana prata!"
181,"Quando os americanos comeram carne pela primeira vez?"," Quando chegou Cristóvão \"Com Lombo\"."
182,"- Sabes Joaquim, o doutor me disse para beber um pouco de suco de limão depois de um banho quente. - E tu bebeste o suco de limão, Manuel?"," - que nada! Não consegui nem acabar de beber toda aquela água quente."
183,"- Admites que é culpado? - pergunta o juiz ao português - Não Sr. Dr. Juiz. - Tens um álibi? - O que é um álibi? - Bem, alguém que o viu cometer o ato?"," - Ninguém, graças a Deus!"
184,"- Aquele quadro que está naquela parede é de Rembrandt?"," - Era! Agora é meu. Comprei-o por um dinheirão."
185,"Chegou um arqueiro americano, botou uma maçã na cabeça de um cobaia e atirou... Acertou em cheio na maçã, então exclamou comemorando: - I’M HE-MAN ! Depois veio um Japonês e acertou na flecha do americano dividindo a flecha ao meio e exclamou: - I’M SAMURAI !"," Então veio um Português, mirou, e acertou em cheio no olho do cobaia, desfigurando a cabeça do coitado então ele exclamou: - I’M SORRY !!!"
186,"Como os portugas se banham?"," Mijando contra o vento."
187,"Dois portugueses resolveram vir de Lisboa até aqui a nado e no 1o terço do caminho: - Estás cansado Joaquim? - Não Manuel! - Então vamos continuar! E continuaram até chegar no meio do caminho! - Estás cansado Joaquim? - Um pouquito Manuel! - Pois vamos continuar! E no finalzinho, já aqui na Baia de Guanabara: - E aí! Estás cansado Joaquim? - Demais, Manuel!"," - Então vamos voltar!"
188,"E o Manuel entra com tudo numa contramão. Da azar e é parado por um guarda, no ato: - Onde o senhor pensa que vai? - Bem, seu guarda, eu estava a ire ao cinema, mas parece que me atrasei."," Esta todo mundo a voltaire!"
189,"Em Lisboa, após um incêndio num pequeno prédio, os bombeiros, verificando os destroços, encontram apenas um morto. E justamente o avô do Manuel, que estava de cabeça para baixo, com o dedo indicador apontando para um dos cantos do ambiente."," Ao seu lado, um extintor de incêndio, com a seguinte instrução: 'Em caso de incêndio, vire de cabeça para baixo e aponte para a chama'."
190,"- És um vagabundo, um parasita, um inútil! - Vagabundo e isso tudo és tu! - Eu? Olha que como o pão com o suor do meu rosto!"," - Não discuto teu gosto! Mas prefiro meu pão com manteiga."
191,"Estava um grupo de amigos reunido na comemoração de bodas de ouro do casal Manuel e Maria, quando um dos convidados começa a contar uma piada: - Aí o português... No que foi prontamente interrompido pelos demais: - Não conta essa não, que aqui na festa está cheio de português!"," - Não tem problema, eu repito, repito até eles entenderem..."
192,"- Garçom, ofereça um drinque àquela moça - Pediu o galante português. - Não adianta, é perda de tempo - ponderou o garçom. Meia hora depois, o português volta à carga. O garçom reluta, hesita, mas o português insiste. O garçom perde a paciência e resolve encerrar o assunto: - Companheiro, não adianta, não vai dar em nada. Ela é lésbica."," - De que região da Lésbia?"
193,"- Haha, como os brasileiros são burros, acreditam em tudo!"," Eu disse a um deles que eu era paneleiro ele acreditou e veio me comendo no avião até Lisboa."
194,"- Havia muita gente no concerto ontem? - A senhora nem imagina o número de pessoas que lá estavam a assisti-lo! Uma verdadeira loucura! - Ah! Sim?"," - Imaginas que o maestro teve que ficar de pé!"
195,"- Imaginas que ontem a noite telefonou-me o primeiro ministro? - Pô! Tens relações com pessoas importantes! E que te disse o primeiro ministro?"," - 'Desculpa, enganei-me de número'."
196,"- Joãozinho, por que é que quando eu pergunto se você tinha ido à aula você fechou os olhos?"," - É porque a professora costuma dizer que vê nos meus olhos quando minto."
197,"Joaquim José estava a querer mandar um presente do Brasil para Maria, sua esposa além-mar. Passeando pelas ruas do Rio, encontrou uma caixa de fósforos tamanho família. Empacotou e mandou para Portugal. Meses após no telefone... - Oh Maria, gostaire do presente que te mandei? - Oh Joaquim José, gostaire eu gostei, mas todos os fósforos não funcionam!"," - Oh Maria! Não estás a saber usaire! Testei todos antes de te mandar! Acendi um por um e todos funcionaram!!!"
198,"Lançaram o cinema 180 graus em Portugal. Foi a maior festa na entrada para a primeira sessão. Mas no fim do filme ninguém saía, aí Manuel, o dono, foi ver e estavam todos mortos... Fez então uma segunda sessão, e no fim também estavam todos mortos... Tentou uma terceira, e não deu certo, todos morreram..."," Aí, Manuel comentou: - É assim não dá...vou ter que diminuir a temperatura..."
199,"Manuel e Joaquim passeavam pela rua, quando encontraram uma bosta no chão: - Manuel! Te dou 1.000 Reais se tu comeres esta bosta... - Então esta combinado, Joaquim... Manuel foi lá e comeu a bosta, ganhando os 1.000 reais... Continuaram andando quando encontraram outra bosta no chão: - Joaquim! Agora sou eu quem te dou os 1.000 Reais se tu comeres esta bosta... - Então está beleza!!! O Joaquim se abaixou e comeu a bosta também..."," MORAL: Os dois portugueses comeram bosta de graça..."
200,"- Maria, por que é que estás a dar açúcar às galinhas?"," - Para ver se elas põem ovos de páscoa!"
201,"No elevador, estão o Manuel e um casal desconhecido. De repente, nosso amigo d’além-mar solta um estrondoso pum. O outro, claro, chia: - O senhor não tem vergonha? Fazer isso na frente de minha mulher?"," - Oh! Desculpe-me! Eu não sabia que era a vez dela."
202,"O amigo do Manuel o convida: - Oh gajo. Estou a lhe convidaire para a festa de quinze anos de minha filha."," - Está bem patrício. Eu irei. Mas ficarei no máximo uns dois anos."
203,"O Joaquim quando mandou trazer a Maria, pelo correio, para o Brasil. Abriu um boteco na praça Mauá e colocou a Maria para morar lá perto. Um belo dia... - JOAQUIMM!! JOAQUIM JOSÉ!!! Tua esposa está na tua casa na cama com outro cara!!! Corra lá! - O que esta gaja prostituta está a fazer com este paneleiro! Vou pegar a peixeira e a garrucha e vou lá acabar com isso de uma vez!!! E lá foi o gajo... 5 minutos depois volta o gajo feliz e contente... - Joaquim! Você matou o cara?!?"," - Não... O gajo se enganou... Não era outro, mas o mesmo de sempre!!!"
204,"O Manuel e a Maria vão ao jogo de futebol. Chegam super atrasados porque a Maria demorou séculos se arrumando. Quando entram no estádio, está para começar o segundo tempo. O Manuel pergunta a um dos torcedores: - Quanto está o jogo? - Zero a zero. ","E a Maria: - Estás a veire? Chegamos a tempo!"
205,"O Manuel presenteia a filha moça com um casaco de pele de raposa prateada. Satisfeitíssima, ela afaga o presente com as mãos comentando: - Como pode uma coisa tão maravilhosa vir de um animal tão pequeno, sem aparência, totalmente insignificante... ","- Alto lá! Se tu não que es me agradecer, vá lá. Mas também não precisa ofender!..."
206,"O Manuel vai ao Rio de Janeiro. Os amigos o advertem que lá os motoristas de ônibus e táxi costumam voar com seus veículos. Chegando na Cidade Maravilhosa, Manuel pega um táxi: - Avenida Brasil, por favoire. - que altura? ","- Se tu fores a mais de dois metros, eu pulo desse troço, oh raios!"
207,"O pneu do carro do Manuel fura diante de um hospício. Ele desce e tira as porcas da roda, mas elas escorregam para dentro de um bueiro. Um dos internos assiste a cena do lado de dentro das grades do manicômio e aconselha ao Manuel: - Tire uma porca de cada uma das três rodas para segurar a que ficou solta, até chegar a um posto. - Fenomenal! Muito boa ideia. Obrigado! Olhe, eu nem sei por que tu estás aí dentro."," - Eu estou aqui porque sou doido, não porque sou burro!"
208,"- O português vai ao médico e reclama: -Pois não é, doutoire, meu filho já tem dois meses e ainda não abriu os olhos... E o medico diz:"," - Quem tem que abrir os olhos é tu, Portuga, que isto ai é filho de japonês!"
209,"O português viajava pela estrada com sua família, numa Besta quando, por excesso de velocidade e parado pelo guarda: - Muito bem, espertinho, posso ver os documentos da Besta? - Estão aqui, seu guarda... responde, entregando os seus documentos pessoais. - Não, não! Eu que o ver os documentos da perua! - diz o guarda. Então, o português vira-se para sua mulher e diz:"," - Que ida, então é contigo..."
210,"O Sr. Manuel, chegando de Portugal. resolveu conhecer o Brasil. Chegando em São Paulo nunca tinha visto coisa mais estranha: - Esse mundo de casas empilhadas uma em cima da outra? Só coisa de brasileiro mesmo! Pensou consigo e resolveu contar. No intervalo chega um brasileiro que sem emprego, dinheiro etc., indagou-o: - O que está fazendo? - Estou a contar quantas têm e a tentar descobrir como conseguiram esse feito. O brasuca logo descobriu que estava diante da solução de sua quebradeira e disse: - Sabia que é proibido contar andares de um prédio? E por isso o senhor vai ser multado. - E logo começou a escrever a multa. O Sr. Manuel tentou se safar dizendo: - Não faça isso, sendo minha primeira vez aqui no Brasil e minha primeira ofensa mereço um perdão! O brasuca disse: - Vejo o que faço, o sr. tem aqui duas ofensas, uma por contar os andares e a outra por tentar descobrir como foi possível fazê-lo, o que posso fazer e perdoar a segunda, tá bom? Ele respondeu: - Muito obrigadinho. O brasuca mais do que ansioso tentou acertar a questão monetária e disse: - Agora me diga, quantos andares o senhor contou- - Somente 25 O Deus da esperteza o disse: - Bem, normalmente cobramos R$3,00 por andar, mas como gostei muito do senhor, vou te cobrar R$2,00 por andar. O sr. Manuel mais do que contente com o negócio disse: - Tá excelente, complete a multa e cá está o dinheiro O brasuca recebeu a grana e continuou sua caminhada e o sr. Manuel continuou parado dizendo para si mesmo:"," - ainda dizem que brasileiro é esperto, consegui enrolá-lo em 5 casas, me perdoou uma ofensa e ainda deu-me desconto de R$1,00. Eu que sou o esperto, economizei R$35,00."
211,"- Óh, Maria, estou a morrer de cansaço... Vim correndo atrás do ônibus e, sem nunca o alcançaire, acabei chegando até aqui... meu consolo e que economizei vinte cruzados..."," - Mas tu és burro mesmo, hein, Manuel? Por que não correste atrás de um táxi? Terias economizado muito mais!"
212,"- Olá-la-la-la, senhor! O-o-onde fififica o cocô-légio para gagá-gagos?"," Para que queres um colégio para gagos se já gaguejas tão bem?"
213,"- Papai, o professor disse hoje na aula que nós viemos ao mundo para ajudar uns aos outros. - Exato! Certíssimo meu filho!"," - Então, para que os outros vieram?"
214,"- Papai, o que é um gênio? - Pergunte a sua mãe que ela se casou com um."," - O que?! Não sabia que a mamãe tinha se casado duas vezes!"
215,"PELO TELEFONE - Está lá? - Estou. Está lá? - Estou. - Quem está lá? - Maria. - Qual Maria, a criada ou a minha mulher? - A criada, dr. Manoel, as suas ordens. - Maria, ouça bem: estou cá no aeroporto, a aguardar embarque no próximo vôo, e esqueci-me de levar ao correio uma carta urgente. A carta estava aí sobrescrita e selada, creio que a deixei ao por de cima daquela cômoda do dormitório. Tu vais lá, apanhas a carta e entregas à estação de correio ainda hoje, percebeste bem? Caso lá não esteja, tu voltas cá ao aparelho auscultador e me avisas. Fico a esperar cá na linha. Vai. - Pois não, dr. Manoel. (tempo) Dr. Manoel, eu estava quase a entrar ao aposento, mas vi que dona Maria esta lá, despida. - Ora, Maria, basta que batas a porta, que peças licença. A patroa sabe que se trata de coisa urgente. Anda, volta lá e faz o que te mandei. - Pois não, dr. Manoel. (tempo) Dr. Manoel, perdão, mas eu cá lá já não entro, não. - Como? Por que não? - Agora não, dr. Manoel. Acabo de ver que dona Maria está acompanhada. - Como?? Acompanhada de quem? - É um cavalheiro que não conheço, dr. Manoel. - Um cavalheiro? Mas que diabos ! E esta também despido, o cavalheiro? - Não se pode ver, dr. Manoel, pois que o quarto esta todo às escuras. - Ah, raios me partam, pelos cornos de Belzebu ! Maria, conjuro-te a fazer o que te vou mandar. Sabes onde guardo meu revólver? - Sei, dr. Manoel. - Pois bem, volta ao quarto com a arma e mata os dois. A ambos, percebes? - Aguardo cá na linha e só que o ouvir-te de novo para me dizeres que estão mortos. Vai! - Esta bem, dr. Manoel. (tempo) Pronto, dr. Manoel, fiz o que o doutor mandou. - Mataste? Os dois? - (ofegante) Matei, dr. Manoel. Entrei ao quarto e consegui atingir dona Maria ao primeiro disparo, mas o cavalheiro escapuliu pelo corredor e tive que ir-lhe ao encalço. Correu de mim de assoalhada em assoalhada, de lanço em lanço, de patamar em patamar, escoriou-se todo na mobília, e disparei varias vezes, sem atingi-lo. Mesmo despido, saltou a janela ao jardim e corria a galgar o muro, quando consegui mirar o último disparo. Ele cambaleou e caiu morto a piscina..."," - Com? Piscina? De onde estão a falar? Ih, e engano!"
216,"- Podem acreditar. Durante anos a fio só bebi água de colônia. - Ora essa, não pode ser! Isso está-se a ver que é mentira. - Juro-lhes que é verdade! - E não lhe fez mal? - Não - Mas afinal, por que é que só bebias água de colônia?"," - Porque eu vivia em colônia e quem vive em colônia não costuma mandar vir água de outra parte."
217,"- que fará você meu filho- perguntou o padre ao Manuelzinho- para entrar no céu? - Bem, eu vou correndo até lá e fico entrando e saindo, entrando e saindo, até que São Pedro, aborrecido, me pergunte:"," - Como é, garoto? Saia ou entre de uma vez!"
218,"- Sabes mamãe, minha redação comoveu a professora. - É mesmo?"," - Sim. Disse-me que lhe dava pena."
219,"- Sabes Manuel, comecei a viver sem ter nem se que 1 par de sapatos"," - Olha que grande habilidade. Então como é que julgas que nasci? De tênis?"
220,"- Senhor Manuel, quando viste o cadáver, não estranhaste nada de peculiar?"," -Sim senhoire. Estranhei que estivesse morto."
221,"Tinha um prisioneiro português que era tão burro que quando mandaram ele ir pra porta a frente. Ele foi e quando viu ele estava pelado no meio da rua, e falou:"," - É muita sacanagem! Ora pah!"
222,"Um português, chegou numa loja de eletro-eletrônico e pediu: - Por favoire, o senhor tem um radinho Pilco? - Pilco?!?! Não é Pilco sua anta!!! É Filco (philco) - Ah!! Então dê-me um Pilips mesmo - Que Pilips ô demente! É Filips (philips)"," - Futa que faril, já tiraram a letra P do alfabeto."
223,"Um português, em visita ao Brasil, deparou-se com um fotógrafo, em uma praça no centro da cidade. Então, caso inédito, teve uma brilhante ideia: - Ô tirador de retratos, poderias retratar-me, para eu mandar uma fotografia para Maria, minha esposa, que me aguarda lá em Lisboa? - Pois não! Faça uma pose que eu fotografo! O português foi, então, para atrás de uma árvore e, de lá, gritou: - Bate lá que eu estou pronto a cá! - Mas senhor, desse jeito só vai sair a foto da árvore. Voce vai ficar escondido"," - Mas é isto que eu que o! Aí, quando Joana for ver a foto, eu saio de trás da árvore e dou um susto nela! Ela vai adorar a surpresa!"
224,"Um Português, um Americano e um Russo decidiram que iriam para o Sol. AM- Pessoal, vou pro sol! RU- Mas como camarada, você vai derreter! AM- Não tem problema, vou preparado pra isso, mas vou pro sol! Então o americano constrói uma nave muito grande, e se mandou pro sol. Decolou e depois de uns dias teve que voltar devido a problemas na nave e provavelmente não iria aguentar o calor do sol. RU- Tá vendo, camarada, não te falei que não dava pra ir para o sol, agora você vai ver, eu vou pro sol! O russo, aproveitando os segredos da nave do americano, constrói uma nave enorme muito maior que a do americano e se mandou para o sol. Depois de alguns dias também voltou porque a nave não conseguira aguentar o calor do sol. PT- Viu, oh gajo, não destes certos também, mas agora, eu vou para o sol! O português constrói uma nave toda podre, cheia de remendos, bandeide, esparadrapo, durex, caindo aos pedaços, tinha até chiclete. RU- Português, como você vai pro sol num cacareco desses? AM- é mesmo português, isso vai derreter na metade do caminho."," PO- Ora pois pois, é que eu vou pro sol de noite seus burros!"
225,"Um turista brasileiro pega uma rodovia em Portugal com destino a Madri. Em dúvida, ainda perto de Lisboa pergunta a um sujeito num posto de gasolina: - Esta estrada vai para a Espanha?"," - Oh raios, não sei, but se for vai fazer muita falta!"
226,"Um velhinho caminhava pelas ruas de Lisboa quando vê um inocente projetinho de burro brincando e lhe pergunta: - Que idade tens tu? - Seis anos, meu senhor - Seis anos! - murmura o velhinho - E não chegas seque a ter a altura de minha bengala!"," - E que idade tem sua bengala?"
227,"Uma alta autoridade portuguesa e sua comitiva, em visita oficial ao Brasil, têm que fazer o percurso Rio - São Paulo e resolvem ir de trem. Acostumados aos trens mais velozes e confortáveis, e às distâncias mais curtas da Europa, os portugueses vão ficando de saco cheio à medida que o tempo vai passando e nada de São Paulo. A viagem parecia interminável. Nisso um assessor fez uma descoberta notável: - Repare excelência, como os postes passam velozmente por nós!"," - Tens razão Joaquim. Está decidido: na volta viajaremos de poste!"
228,"Uma menina de uma aldeia do interior de Portugal estava a observar o cavalo do entregador de leite na fazenda. Aí viu o cavalo fazendo xixi. Quando o entregador voltou a menina quis saber: - Ainda tens muitas entregas hoje? - Por quê? - Porque penso que não vais muito longe, não."," Teu cavalo acaba de derramar toda a gasolina."
229,"Uma vez, quando Manuel voltava pra sua casa, avistou um pingüim em seu jardim. Aí, o Manuel perguntou pro vizinho dele: - Óh Joaquim, o que faço com este pingüim? - Óh Manuel, tu deves levá-lo ao zoológico, ora pois ! No dia seguinte Joaquim vê o Manuel passeando com o pingüim puxando-o por uma coleirinha. Aí o Joaquim pergunta: - Ora Manuel, não levaste o pingüim ao zoológico ainda?"," - Mas é claro que sim Joaquim, só que agora estou levando ele pro parque de diversões e pro shopping."
230,"Uns portugueses que iam comprar sapatos e escutaram que os de crocodilos são os melhores, então, se metem no meio do Pantanal e depois de matar uns 50 crocodilos, Manuel diz a Joaquim:"," - Oh pah! Outro crocodilo sem sapatos!"
231,"Você sabe por que português toma banho só em duas estações do ano?"," Porque no chuveiro só tem a chave que diz: verão-inverno."
232,"O que o pato disse para a pata?","R.: Vem Quá!"
233,"Vocês sabem por que Português toma banho sem ligar o chuveiro?"," Porque ele usa xampu para cabelos secos!!!"
234,"Voces sabiam que foi inaugurado o primeiro banco de Boston em Portugal?"," E o primeiro deposito foi de 5 kilos."
235,"Voces sabiam que ja' foi inaugurado o servico disque 900 em Portugal? O servico mais utilizado e' o disque funeral."," Voce liga e ouve 1 minuto de silencio."
236,"- Sabes Joaquim, há uma reflexão que sempre me vem ao espírito quando leio o necrológio dos grandes jornais diários. - E o que é?"," - Como é possível que anunciem sempre a morte dos grandes homens e nunca seu nascimento?"
237,"Aeroporto do GALEÃO - 7:00 da manhã. Um denso nevoeiro cobre a pista. Avião JUMBO 747 da TAP tenta descer, ajudado pela mais moderna tecnologia de navegação aérea...e dos pilotos, é claro... - CUIDADO JOAQUIM!, OLHA A ÁRVORE!.. - MEU DEUS MANOEL, VEJA SE ESQUIVA DESSA VACA! - MINHA NOSSA!, VAMOS BATER.. - SEGURA O FREIO JOAQUIM!.. FALTA POUCO.. - DIMINUI A TURBINA 4 MANOEL... - Uf! Conseguimos parar, e olha , apenas 10 centímetros antes de terminar a pista.. - Pois é Manuel, que ráios de pista que constroem neste país?, Olha, tem apenas 300 metros de comprimento!"," - que desgraçados, e ainda dão para ela 3000 metros de largura!"
238,"Quantos portugueses são necessários pra por um prego na parede? Mil."," 1 pra segurar o prego e 999 pra empurrar a parede."
239,"Num bar havia um judeu, um turco e um portuga. O judeu e o turco discutiam: - Me deves 1000 Reais, vais me pagar desgraçado! - Não pago! Tu é que tas me devendo mais! - Vou te matar seu cachorro! Me pagarás! - Não vou! Vou pro inferno mas não te pago! E ele se mata com um tiro. -pow- - Pois vais me pagar nem que seja lá! -pow- E o portuga: ","- Ah! Essa briga eu não perco oh pah! -pow-"
240,"- Manoel, jaboticaba tem asas? -Não"," -Então engoli um besouro."
241,"A Mariazinha chega em casa com um algodao doce enorme, e a mae resolve perguntar de quem ela havia ganhado: - Filhinha, quem te deu isto??? Eu já não te disse pra não aceitares presentes de estranhos, e tomares cuidado com o pipoqueiro que ele poe maconha na pipoca??? - não tem problema mamae, eu ganhei daquele bobao do Joaozinho!! - Ué??? E por que ele te deu isto??? -Sabe mamae, Ele disse que eu não conseguia subir numa árvore, e disse ainda que ele duvidadva tanto que me daria o doce se eu conseguisse. Bom, eu subi!!"," -Ahhh!! um safado e uma burra!! não percebeu que ele só que ia ver a tua calcinha???? -Percebi sim! Mas não te preocupes, pois fui mais esperta que ele! Eu tirei a calcinha!!"
242,"Iam fazer uma pesquisa numa estufa com um francês, um alemão e um portuga. Cada um deles levaria o que quiser pra lá. O francês levou vinho, o alemão livros e o português 500 mil caixas de cigarro. Um mês depois foram ver os 3 indivíduos. O alemão estava quieto no seu canto lendo, o frencês estava bebaço, feliz da vida e rindo a toa e quando vão ver o português ele já sai da porta perguntando:"," - Tens fogo?!"
243,"No confessionário de uma cidadela do interior, o padre foi ouvir os pecados de uma jovem. Era uma garota novinha, muito tímida, sem jeito, com vergonha de se abrir. O padre fala para ela: - Filha, estou a notar pelo teu jeito de falar que tu estás escondendo um pecado grave... abra teu coração e fale. E ela: - Ai, que vergonha, padre... E o padre: - Fale filha, estás a falar com deus e não comigo... - Sabes o que foi padre... sabes o que foi... eu dei a bunda pro meu namorado! - a rapariga conta baixinho... - Minha filha... fizeste isso? É um pecado muito grave! Nem sei qual a penitência que eu vou dar-te. Espere um momento que eu vou pegar o livro de penitências. Quando o padre foi lá dentro para pegar o livro, a menina aproveitou para ir embora. Nisso chegou um português se sentou no confessionário. Volta o padre com o livrão e fala: - Quantas vezes voce deu a bunda? E o portuga:"," - Uma vez só, quando era menino! E vai adivinhaire assim na puta que o pariu."
244,"O carro do Manuel enguiçou no meio da rua, então ele pediu ajuda a um cara que estava a passar por lá. - Com licença, o senhoire poderia me ajudaire? - Sim? - É que eu esqueci a chave do carro dentro do carro, que está trancado - Ok, eu tenho aqui um grampo de cabelo E então o cara começou a futricar na fechadura do carro, colocava o grampo, girava, amassava... E então o Manuel o interrompeu:"," - Por favoire, andes rápido, pois deixei o teto solar aberta e está começando a chover."
245,"O Manuel era muito rico, tinha muitas padarias e gostava da Maria, então ele foi falar com ela:"," - Óh Maria, se adivinhares o número exato de padarias que eu tenho eu te dou uma e fico com a outra!"
246,"O Manuel estava andando na rua e, de repente, tomou uma puta tijolada no peito e rapidamente,"," ele olhou pra trás pra ver quem foi."
247,"O portuga, sentado no trem, começa a ouvir os passageiros da frente contarem piadas de português e reclama: - Vocês tomem cuidado com estas piadas, pois sou português."," - Não tem problema, a gente conta várias vezes."
248,"O português foi ao médico e reclamou de fortes dores no estômago: - Acho que foram as ostras que eu comi ontem. - Elas estavam frescas? - Quis logo saber o médico. - Bem... Não tenho certeza. - Mas quando você abriu as conchas, que cor elas tinham?"," - Ah! Doutor, tinha que abrir as conchas?!"
249,"O português resolveu conhecer a Alemanha. Comprou a passagem de avião e, enquanto preenchia a papelada, falava sozinho: - Finalmente eu vou conheceire a Alemanha, fazeire a viagem dos meus sonhos. pena que eu não sei falaire alemão ... Mas eu vou dar um jeito! O balconista, que ouvia as lamúrias do português, esclarece: - O horário é nove e meia. Esteja aqui uma hora antes. Quanto a falar alemão, o senhor fala lentamente, pau-sa-da-men-te, que o senhor vai ser entendido! Assim que desembarca na Alemanha, o Manuel pega um táxi e diz: - Seu mo-to-ris-ta, eu que-ria que o se-nhor me le-vas-se num ho-tel ba-ra-to! E o motorista: - Eu co-nhe-ço um ho-tel ra-zo-á-vel-men-te ba-ra-to. - Quan-tos mar-cos cus-ta es-te ho-tel? -- Pergunta o Manuel. - A-pro-xi-ma-da-men-te vin-te mar-cos! -- Explicou o motorista, que pergunta: - De que ci-da-de o se-nho-re é? - Eu sou de Co-im-bra! -- Responde o Manuel. - Eu tam-bém sou de Co-im-bra! -- Completa o motorista. E o outro português sabiamente conclui:"," -Ora, poish, poish! Se nós dois somos portugueses, por que raius estamos os dois a falaire alemão?"
250,"Por que os portugas não têm AIDS?"," Porque Deus não castiga duas vezes."
251,"Porque o caminhão de gás com musiquinha não deu certo em Portugal?"," Porque na primeira curva a bandinha caiu do caminhão."
252,"Sabe o que vem escrito na sola de sapato, em Portugal?"," R: Este lado para baixo E na palmilha? R: Primeiro os dedos."
253,"Um português vendedor estava há muito tempo sem tirar um pedido sequer. Foi a uma loja e finalmente alguém resolveu comprar alguma coisa do coitado. Ele, então, abriu a pasta e viu que tinha esquecido o talão de pedido. Ficou super nervoso, afinal há tempos não ganhava uma grana. Pediu licença e saiu correndo pra casa pra pegar o tal talão. No meio do caminho topou com uma lâmpada mágica, e de lá saiu um gênio dizendo: - Você é um rapaz de muita sorte... Tem direito a 3 pedidos... E o gajo:"," - Porrrrrra! Justo hoje que esqueci o talão!"
254,"Um português, de passeio pelo Brasil, pergunta a um brasileiro: - que ônibus devo pegar para chegar ao Maracanã? - O número 48 Depois de 3 horas, o brasileiro sai do trabalho e o português ainda está lá no ponto, e pergunta: - O que você está fazendo aqui ainda?"," - Oh gajo! Até agora só passaram 39!"
255,"Uma vez um português vai ao médico e diz a ele: - Doutoire, quando eu me toco aqui, dói; quando toco cá, dói também; quando toco a cabeça, dói; depois de comer, toco aqui e continua doendo! que devo fazer doutoire? E o médico diz:"," - Não seja imbecil, você tá com o dedo quebrado!"
256,"Um juiz muito conhecido pela sua excelente memória aponta a bengala a um acusado e diz: - Na ponta de minha bengala está um famigerado canalha"," - Em qual das pontas senhor doutoire?"
257,"- Pelo seu exame de urina eu posso lhe afirmar que o senhor está com diabetes - Mas o que é isso doutor? - É açúcar na urina..."," - Ah... então a Maria chupava por gulodice, e não por prazer."
258,"- Caro professor? - Sim Pedrinho? - Como poderei saber se realmente sou um homem? - Bem, rapaz, quando tu passares a mão em baixo e sentires duas bolas, saberás que és um homem, agora tem um detalhe, se passares a mão e sentires quatro bolas, não penses que tu és um super homem."," Tem alguém por trás te enrabando."
259,"Um português estava a tentar atravessar a estrada, mas estava muito nervoso, com medo dos carros. Um brasileiro que passava por ali viu a cena e decidiu ajudar: - Calma, amigo! Quando o sinal ficar verde, você atravessa. O português, confiante, espera o sinal ficar verde e atravessa. No meio da rua, um carro em alta velocidade quase o atropela. Ele volta correndo para a calçada e grita: - Ó gajo, tu disseste que era seguro! - O brasileiro responde:"," - E é! Verde é a cor da segurança, não é?!"
260,"O Manuel comprou um rádio novo e ficou horas tentando sintonizar. A Maria chega e pergunta: - Ó Manuel, por que estás a mexer tanto nesse rádio? - Estou a tentar apanhar a BBC de Londres! - E já conseguiste?"," - Ainda não, mas já apanhei um tal de Bebê Cê de Lisboa!"
261,"O Joaquim vai ao dentista e diz: - Doutor, tenho um dente que não para de doer! O dentista examina e responde: - Pois é, este dente está podre, temos que tirar. - Tirar?! Mas doutor, e se eu quiser ficar com ele?"," - Ora, Manuel, podes ficar com ele... num frasco com álcool!"
262,"O português entra numa loja de eletrodomésticos e pergunta: - Ó senhor, tem máquina de lavar que também seca a roupa? - Temos sim, esta aqui lava e seca! - E faz o jantar também? - Não, isso não faz."," - Então não presta, vou levar só a que faz o jantar!"
263,"O Manuel estava a contar para o Joaquim: - Ontem fui ao cinema e o filme era tão triste que chorei a noite toda! - Qual era o filme, Manuel? - Titanic! - Mas Manuel, esse filme não é tão triste assim!"," - Como não? Afundou o barco e eu que paguei o bilhete!"
264,"O português entra no banco e pergunta ao caixa: - Ó senhor, posso sacar dinheiro com o cartão da minha mulher? - Pode, desde que tenha a senha. - Senha? Mas ela nunca me deu nenhuma senha! - Então não posso ajudar, senhor."," - Ora, que raio! Então vou sacar com a minha cara de pau!"
265,"O Joaquim estava a ler o jornal e vira-se para o Manuel: - Ó Manuel, aqui diz que descobriram vida em Marte! - E tu acreditas nisso, Joaquim?"," - Claro, se tem vida em Lisboa, por que não em Marte?!"
266,"O português vai ao oftalmologista e o médico pergunta: - Consegue ler a última linha do cartaz? - Última linha? Mas doutor, onde está o cartaz? - Na parede, homem!"," - Parede? Mas onde está a parede?!"
267,"O Manuel comprou um carro novo e foi mostrar ao Joaquim: - Olha só, Joaquim, este carro tem air-bag, ABS e GPS! - Eita, Manuel, isso é carro ou nave espacial?"," - Nave espacial não, mas já me perdi três vezes tentando sair da garagem!"
268,"O português entra numa farmácia e pergunta: - Tem remédio para memória? - Temos sim, senhor. - Ótimo! E para que serve esse remédio? - Serve para melhorar a memória."," - Boa! Me dá dois, que eu já esqueci por que vim aqui!"
269,"O Joaquim estava a tentar consertar a torneira de casa. A Maria chega e pergunta: - Ó Joaquim, já consertaste a torneira? - Ainda não, Maria, esta torneira é teimosa! - Teimosa? Como assim?"," - Eu giro para a esquerda, ela pinga. Giro para a direita, ela pinga. Acho que ela quer dançar!"
270,"O português vai ao restaurante e pede: - Garçom, traz-me um prato que seja rápido! - Temos sopa, senhor."," - Sopa não, que eu não quero esperar a colher esfriar!"
271,"O Manuel estava a olhar para o céu e diz ao Joaquim: - Olha, Joaquim, uma estrela cadente! Faz um pedido!"," - Já fiz, Manuel! Pedi para não cair nenhuma na minha cabeça!"
272,"O português entra numa loja de animais e pergunta: - Ó senhor, este papagaio fala? - Fala sim, senhor, e em três línguas! - Três línguas? Então ele é português, brasileiro e quê mais? - Não, senhor, é inglês, francês e alemão!"," - Ó raios, então é papagaio de rico!"
273,"O Joaquim vai ao mercado e pergunta: - Ó senhor, estas maçãs são frescas? - Frescas, senhor, colhidas hoje!"," - Colhidas hoje? Então por que estão com cara de ontem?!"
274,"O Manuel estava a tentar montar um móvel novo. A Maria chega e pergunta: - Ó Manuel, já terminaste o móvel? - Quase, Maria, só falta uma peça! - Qual peça?"," - A minha paciência!"
275,"O português entra numa loja de roupas e pergunta: - Ó senhor, tem camisa que não amarrota? - Temos sim, senhor, esta aqui é à prova de amassados!"," - Boa, leva duas! Uma para usar e outra para amassar em casa!"
276,"O Joaquim estava a contar para o Manuel: - Sabes, Manuel, ontem sonhei que era rico! - E o que fizeste com a riqueza, Joaquim? - Comprei um castelo em Lisboa! - E por que não no Brasil?"," - Porque no Brasil os castelos são de areia!"
277,"O português vai ao barbeiro e diz: - Ó senhor, corta só as pontas, que eu quero manter o estilo! - Estilo, senhor? Mas seu cabelo parece um ninho de passarinho!"," - Exato, é o estilo ninho chique!"
278,"O Manuel estava a tentar abrir uma garrafa de vinho. A Maria chega e diz: - Ó Manuel, usa o saca-rolhas!"," - Saca-rolhas? Eu pensei que era só puxar com força e gritar 'abre-te Sésamo'!"
279,"O português vai ao cinema e pergunta ao bilheteiro: - Ó senhor, este filme tem legendas? - Tem sim, senhor."," - Ótimo, porque eu não falo cinema!"
280,"O Joaquim estava a tentar estacionar o carro. Depois de 10 minutos, o Manuel grita: - Ó Joaquim, desiste, que esse espaço é para deficientes!"," - E eu sou deficiente, Manuel, deficiente em estacionar!"
281,"O português entra numa padaria e pergunta: - Ó senhor, este pão é de hoje? - É sim, senhor, fresquinho!"," - Fresquinho? Então por que está com cara de pão dormido?"
282,"O Manuel vai ao médico e diz: - Doutor, acho que estou com problema de visão! - Por quê, senhor?"," - Porque toda vez que abro a carteira, não vejo nada!"
283,"O Joaquim estava a contar para o Manuel: - Sabes, Manuel, inventaram um carro que anda na água! - Na água? E como chama esse carro?"," - Submarino, Joaquim!"
284,"O português entra numa livraria e pergunta: - Ó senhor, tem livro de autoajuda? - Temos sim, senhor."," - Ótimo, porque eu não sei ajudar ninguém, nem a mim mesmo!"
285,"O Manuel estava a tentar consertar o rádio. A Maria chega e pergunta: - Ó Manuel, já consertaste o rádio? - Não, Maria, ele só toca músicas tristes!"," - Então deixa, que tristeza a gente já tem de sobra!"
286,"O português vai ao zoológico e pergunta ao guia: - Ó senhor, este leão é perigoso? - Perigoso, senhor, mas só se você entrar na jaula!"," - Entrar na jaula? Eu sou português, não sou doido!"
287,"O Joaquim estava a contar para o Manuel: - Sabes, Manuel, comprei um relógio à prova d’água! - E funciona bem, Joaquim?"," - Funciona, mas agora só sei as horas quando estou no banho!"
288,"O português entra numa loja de eletrônicos e pergunta: - Ó senhor, esta TV é smart? - É sim, senhor, muito inteligente! -"," Inteligente? Então por que não me explica como pagar a conta de luz?"
289,"O Manuel estava a tentar abrir um cadeado. A Maria chega e diz: - Ó Manuel, usa a chave certa! - Chave certa?"," Eu estou a usar a minha força bruta, que é mais confiável!"
290,"O português vai ao médico e reclama: - Doutor, estou com um zumbido no ouvido! - Zumbido? E quando começou?"," - Quando esqueci de desligar o rádio antes de dormir!"
291,"O Joaquim estava a contar para o Manuel: - Sabes, Manuel, ontem vi um OVNI! - Um OVNI? E como era, Joaquim?"," - Era redondo, brilhante e dizia ‘Pizza Delivery’ na lateral!"
292,"O português entra numa agência de viagens e pergunta: - Ó senhor, tem viagem barata para Paris? - Temos sim, senhor. - E inclui a Torre Eiffel?"," - Inclui, mas o senhor tem que subir a pé!"
293,"O Manuel estava a tentar plantar uma árvore. A Maria chega e pergunta: - Ó Manuel, por que estás a cavar tão fundo?"," - Porque quero que a árvore cresça até à Lua!"
294,"O português vai ao restaurante e pergunta: - Ó garçom, esta sopa é de quê? - É de ervilha, senhor."," - Ervilha? Então por que tem gosto de sopa?"
295,"O Joaquim estava a contar para o Manuel: - Sabes, Manuel, comprei um cão de guarda! - E é bravo, Joaquim?"," - Bravo? Ele late até para a sombra dele mesmo!"
296,"O português entra numa farmácia e pergunta: - Ó senhor, tem remédio para dor de cabeça? - Tem sim, senhor."," - Ótimo, porque a minha cabeça está a doer de tanto pensar como pagar a conta!"
297,"O Manuel estava a tentar consertar a bicicleta. A Maria chega e pergunta: - Ó Manuel, já consertaste a bicicleta?"," - Ainda não, Maria, acho que ela prefere ser triciclo!"
298,"O português vai ao dentista e pergunta: - Ó doutor, quanto custa tirar um dente? - Depende, senhor, se for com anestesia é mais caro."," - Anestesia? Eu sou português, aguento na raça!"
299,"O Joaquim estava a contar para o Manuel: - Sabes, Manuel, ontem vi um filme de terror! - E assustaste-te, Joaquim?"," - Não, porque eu fechei os olhos na hora do medo!"
300,"O português entra numa loja de móveis e pergunta: - Ó senhor, este sofá é confortável? - Muito, senhor, parece uma nuvem!"," - Nuvem? Então vou levar, mas só se não chover em cima!"
301,"O Manuel estava a tentar acender uma fogueira. A Maria chega e pergunta: - Ó Manuel, já conseguiste acender o fogo?"," - Ainda não, Maria, este fósforo é tão teimoso que não quer pegar!"
302,"O português vai ao médico e diz: - Doutor, acho que estou invisível! - Invisível? Por quê, senhor?"," - Porque ninguém me dá atenção!"
303,"O Joaquim estava a contar para o Manuel: - Sabes, Manuel, comprei um papagaio que fala! - E o que ele diz, Joaquim?"," - Só repete ‘Ora pois, ora pois’ o dia todo!"
304,"O português entra numa loja de sapatos e pergunta: - Ó senhor, tem sapato que não aperta? - Temos sim, senhor."," - Ótimo, porque os meus pés já estão apertados de tanto trabalhar!"
305,"O Manuel estava a tentar abrir uma lata de sardinha. A Maria chega e pergunta: - Ó Manuel, por que estás a usar um martelo?"," - Porque a lata disse ‘abre com cuidado’, mas eu sou mais bruto!"
306,"O português vai ao cinema e pergunta: - Ó senhor, este filme é em 3D? - É sim, senhor."," - Então me dá óculos 3D, que eu quero ver em 6D!"
307,"O Joaquim estava a contar para o Manuel: - Sabes, Manuel, inventaram um telemóvel que tira fotos! - E tu compraste um, Joaquim?"," - Não, que eu ainda estou a aprender a tirar fotos com os olhos!"
308,"O português entra numa farmácia e pergunta: - Ó senhor, tem remédio para insônia? - Tem sim, senhor."," - Ótimo, porque eu não durmo desde que descobri que a conta de luz não dorme também!"
309,"O Manuel estava a tentar montar uma estante. A Maria chega e pergunta: - Ó Manuel, já terminaste a estante?"," - Quase, Maria, mas acho que ela prefere ser uma escada!"
310,"O português vai ao médico e reclama: - Doutor, estou com dor nas costas! - E quando começou, senhor?"," - Quando levantei a carteira para pagar as contas!"
311,"O Joaquim estava a contar para o Manuel: - Sabes, Manuel, ontem fui a um restaurante chique! - E comeste o quê, Joaquim?"," - Um prato tão caro que ainda estou a digerir a conta!"
312,"O português entra numa loja de eletrônicos e pergunta: - Ó senhor, esta máquina faz café? - Faz sim, senhor. - E faz chá também? - Não, senhor."," - Então não presta, que eu sou mais de chá!"
313,"O Manuel estava a tentar consertar o telhado. A Maria chega e pergunta: - Ó Manuel, já tapaste o buraco no telhado?"," - Ainda não, Maria, estou a esperar a chuva para ver onde pinga!"
314,"O português vai ao banco e pergunta: - Ó senhor, posso depositar um cheque sem fundo? - Sem fundo, senhor?"," - Sim, que o meu fundo está no vermelho!"
315,"O Joaquim estava a contar para o Manuel: - Sabes, Manuel, comprei um cavalo! - E já montaste, Joaquim?"," - Tentei, mas ele corre mais rápido que eu!"
316,"O português entra numa padaria e pergunta: - Ó senhor, este pão é integral? - É sim, senhor."," - Então corta em pedaços, que eu não quero comer inteiro!"
317,"O Manuel estava a tentar aprender a nadar. A Maria chega e pergunta: - Ó Manuel, já aprendeste a nadar?"," - Quase, Maria, só falta aprender a não afundar!"
318,"O português vai ao oftalmologista e diz: - Doutor, acho que preciso de óculos! - Por quê, senhor?"," - Porque vejo tudo embaçado depois de três copos de vinho!"
319,"O Joaquim estava a contar para o Manuel: - Sabes, Manuel, ontem vi um unicórnio! - Unicórnio, Joaquim?"," - Sim, era um cavalo com um chifre... ou talvez fosse uma vaca com um defeito!"
320,"O português entra numa loja de brinquedos e pergunta: - Ó senhor, este brinquedo é educativo? - É sim, senhor, ensina as crianças a pensar!"," - Então não quero, que pensar já me dá dor de cabeça!"
321,"O Manuel estava a tentar consertar a televisão. A Maria chega e pergunta: - Ó Manuel, já consertaste a TV?"," - Ainda não, Maria, ela só mostra novelas, e eu quero futebol!"
322,"O português vai ao médico e reclama: - Doutor, estou com falta de ar! - Falta de ar, senhor?"," - Sim, desde que comecei a pagar as contas, não sobra ar pra respirar!"
323,"O Joaquim estava a contar para o Manuel: - Sabes, Manuel, comprei uma bicicleta elétrica! - E é boa, Joaquim?"," - É, mas agora estou a pedalar para pagar a conta de luz!"
324,"O português entra numa agência de empregos e pergunta: - Ó senhor, tem emprego que não precisa trabalhar? - Não, senhor, isso não existe."," - Então arranja-me um, que eu sou especialista em não fazer nada!"
325,"O Manuel estava a tentar abrir uma porta. A Maria chega e pergunta: - Ó Manuel, por que estás a empurrar se a placa diz ‘puxar’?"," - Porque eu sou português, Maria, eu faço à minha maneira!"
326,"O português vai ao restaurante e pergunta: - Ó garçom, este prato vem com acompanhamento? - Vem sim, senhor, com batatas."," - Batatas? Eu queria uma orquestra!"
327,"O Joaquim estava a contar para o Manuel: - Sabes, Manuel, ontem fui a uma aula de dança! - E aprendeste alguma coisa, Joaquim?"," - Aprendi que tenho dois pés esquerdos!"
328,"O português entra numa loja de celulares e pergunta: - Ó senhor, este telemóvel é à prova d’água? - É sim, senhor."," - Ótimo, porque eu sempre derrubo o meu na sopa!"
329,"O Manuel estava a tentar consertar o carro. A Maria chega e pergunta: - Ó Manuel, já consertaste o carro?"," - Ainda não, Maria, ele continua a tossir mais que eu no inverno!"
330,"O português vai ao dentista e pergunta: - Ó doutor, este dente pode ser salvo? - Pode, senhor, mas vai custar caro."," - Caro? Então arranca, que eu salvo o dinheiro!"
331,"O Joaquim estava a contar para o Manuel: - Sabes, Manuel, comprei um drone! - E já voaste, Joaquim? ","- Voar, voei, mas agora estou a procurar onde ele caiu!"
332,"O português entra numa farmácia e pergunta: - Ó senhor, tem remédio para preguiça? - Tem sim, senhor, mas tem que tomar com esforço!"," - Esforço? Então deixa, que isso já é trabalho demais!"
333,"O Manuel estava a tentar aprender a cozinhar. A Maria chega e pergunta: - Ó Manuel, o que estás a fazer na cozinha?"," - Estou a tentar fazer um bolo, Maria, mas ele insiste em virar carvão!"
334,"O português vai ao médico e reclama: - Doutor, acho que estou com alergia! - Alergia a quê, senhor?"," - A contas, doutor, toda vez que vejo uma, fico vermelho!"
335,"O Joaquim estava a contar para o Manuel: - Sabes, Manuel, ontem fui a um circo! - E gostaste, Joaquim?"," - Gostei, mas o palhaço parecia mais sério que eu!"
336,"O português entra numa loja de esportes e pergunta: - Ó senhor, tem bola que não fura? - Tem sim, senhor."," - Ótimo, porque a minha sempre fura quando jogo com os amigos!"
337,"O Manuel estava a tentar consertar o chuveiro. A Maria chega e pergunta: - Ó Manuel, já consertaste o chuveiro?"," - Ainda não, Maria, ele só dá água fria, mas eu gosto de banho quente!"
338,"O português vai ao banco e pergunta: - Ó senhor, posso abrir uma conta com zero reais? - Zero reais, senhor?"," - Sim, que eu já estou no zero há muito tempo!"
339,"O Joaquim estava a contar para o Manuel: - Sabes, Manuel, comprei um aquário! - E tens muitos peixes, Joaquim?"," - Tinha, mas agora só tenho água, que os peixes fugiram!"
340,"O português entra numa loja de óculos e pergunta: - Ó senhor, tem óculos para ver o futuro? - Não, senhor, só para ver de perto ou de longe."," - Então leva os de longe, que o futuro está muito distante!"
341,"O Manuel estava a tentar aprender a tocar guitarra. A Maria chega e pergunta: - Ó Manuel, já aprendeste a tocar?"," - Ainda não, Maria, mas já sei fazer barulho!"
342,"O português vai ao médico e reclama: - Doutor, estou com dor no peito! - Dor no peito, senhor?"," - Sim, desde que vi o preço da gasolina!"
343,"O Joaquim estava a contar para o Manuel: - Sabes, Manuel, ontem vi um filme de ação! - E gostaste, Joaquim?"," - Gostei, mas corri tanto que ainda estou cansado!"
344,"O português entra numa loja de eletrodomésticos e pergunta: - Ó senhor, esta geladeira faz gelo? - Faz sim, senhor. - E faz calor também? - Não, senhor."," - Então não quero, que eu gosto de equilíbrio!"
345,"O Manuel estava a tentar consertar o relógio. A Maria chega e pergunta: - Ó Manuel, já consertaste o relógio?"," - Ainda não, Maria, ele insiste em marcar a hora errada!"
346,"O português vai ao restaurante e pergunta: - Ó garçom, este bife tem garantia? - Garantia, senhor?"," - Sim, que se ele for duro, eu quero meu dinheiro de volta!"
347,"O Joaquim estava a contar para o Manuel: - Sabes, Manuel, comprei um patinete elétrico! - E já andaste, Joaquim?"," - Andei, mas agora estou a pé, que a bateria acabou!"
348,"O português entra numa farmácia e pergunta: - Ó senhor, tem remédio para ansiedade? - Tem sim, senhor."," - Ótimo, porque estou ansioso para saber se funciona!"
349,"O Manuel estava a tentar plantar uma horta. A Maria chega e pergunta: - Ó Manuel, já cresceu alguma coisa?"," - Ainda não, Maria, mas estou a regar com esperança!"
350,"O português vai ao médico e reclama: - Doutor, acho que estou com febre! - Febre, senhor?"," - Sim, toda vez que vejo a minha sogra, fico quente!"
351,"O Joaquim estava a contar para o Manuel: - Sabes, Manuel, ontem fui a um museu! - E aprendeste alguma coisa, Joaquim?"," - Aprendi que não devo tocar nas coisas antigas, mesmo que sejam bonitas!"
352,"O português entra numa loja de roupas e pergunta: - Ó senhor, tem casaco que esquenta? - Tem sim, senhor. - E tem casaco que esfria também? - Não, senhor."," - Então leva o que esquenta, que eu já estou frio de tanto pagar contas!"
353,"O Manuel estava a tentar consertar a máquina de lavar. A Maria chega e pergunta: - Ó Manuel, já consertaste a máquina?"," - Ainda não, Maria, ela lava, mas agora canta ópera!"
354,"O português vai ao cinema e pergunta: - Ó senhor, este filme é de terror? - É sim, senhor."," - Então me dá um bilhete, mas com assento perto da saída!"
355,"O Joaquim estava a contar para o Manuel: - Sabes, Manuel, comprei um tablet! - E já usaste, Joaquim?"," - Tentei, mas ele não dissolve na água!"
356,"O português entra numa loja de animais e pergunta: - Ó senhor, este cão é fiel? - Fiel, senhor, ele nunca abandona o dono!"," - Ótimo, porque eu já fui abandonado pela minha carteira!"
357,"O Manuel estava a tentar aprender a dançar. A Maria chega e pergunta: - Ó Manuel, já aprendeste a dançar?"," - Ainda não, Maria, mas já sei tropeçar com estilo!"
358,"O português vai ao médico e reclama: - Doutor, acho que estou com problema de audição! - Por quê, senhor?"," - Porque ouço vozes dizendo que devo dinheiro!"
359,"O Joaquim estava a contar para o Manuel: - Sabes, Manuel, ontem fui a uma praia deserta! - E gostaste, Joaquim?"," - Gostei, mas agora estou a procurar onde deixei o carro!"
360,"O português entra numa livraria e pergunta: - Ó senhor, tem livro para aprender a voar? - Voar, senhor?"," - Sim, que eu quero economizar na passagem de avião!"
361,"O Manuel estava a tentar consertar o ventilador. A Maria chega e pergunta: - Ó Manuel, já consertaste o ventilador?"," - Ainda não, Maria, ele gira, mas agora só faz vento quente!"
362,"O português vai ao banco e pergunta: - Ó senhor, posso pegar um empréstimo? - Pode, senhor, mas precisa de garantias."," - Garantias? Eu garanto que não vou pagar!"
363,"O Joaquim estava a contar para o Manuel: - Sabes, Manuel, comprei um GPS! - E funciona bem, Joaquim?"," - Funciona, mas ele insiste em me levar para o caminho errado!"
364,"O português entra numa farmácia e pergunta: - Ó senhor, tem remédio para dor de cotovelo? - Dor de cotovelo, senhor?"," - Sim, desde que a Maria me deixou, o cotovelo não para de doer!"
365,"O Manuel estava a tentar aprender a dirigir. A Maria chega e pergunta: - Ó Manuel, já aprendeste a dirigir?"," - Quase, Maria, só falta aprender a não bater no poste!"
366,"O português vai ao restaurante e pergunta: - Ó garçom, esta salada é orgânica? - Orgânica, senhor."," - Então por que tem um inseto orgânico andando nela?"
367,"O Joaquim estava a contar para o Manuel: - Sabes, Manuel, ontem fui a um show de mágica! - E gostaste, Joaquim?"," - Gostei, mas o mágico fez a minha carteira desaparecer!"
368,"O português entra numa loja de eletrônicos e pergunta: - Ó senhor, este rádio toca música clássica?"," - Toca sim, senhor. - E toca música moderna? - Toca também. - Então leva, que eu gosto de tudo, menos de pagar!"
369,"O Manuel estava a tentar consertar a porta. A Maria chega e pergunta: - Ó Manuel, já consertaste a porta?"," - Ainda não, Maria, ela abre, mas só para o lado errado!"
370,"O português vai ao médico e reclama: - Doutor, acho que estou com amnésia! - Amnésia, senhor? E quando começou?"," - Começou quando, doutor?"
371,"O Joaquim estava a contar para o Manuel: - Sabes, Manuel, comprei um cavalo de corrida! - E já correu, Joaquim?"," - Correu, mas perdeu para a tartaruga!"
372,"O português entra numa loja de brinquedos e pergunta: - Ó senhor, este brinquedo é seguro? - Seguro, senhor, é à prova de crianças!"," - Então não presta, que eu sou pior que criança!"
373,"O Manuel estava a tentar aprender a cozinhar. A Maria chega e pergunta: - Ó Manuel, o que estás a fazer?"," - Estou a tentar fazer um arroz, Maria, mas ele virou mingau!"
374,"O português vai ao oftalmologista e diz: - Doutor, acho que estou a ver dobrado! - Dobrado, senhor?"," - Sim, vi a conta do restaurante e parecia o dobro do preço!"
375,"O Joaquim estava a contar para o Manuel: - Sabes, Manuel, ontem fui a um zoológico! - E viste o quê, Joaquim?"," - Vi um leão, mas ele estava a dormir, então fui eu que rugi!"
376,"O português entra numa padaria e pergunta: - Ó senhor, este pão é sem glúten? - Sem glúten, senhor. - E sem preço também? - Não, senhor."," - Então deixa, que eu sou alérgico a preços!"
377,"O Manuel estava a tentar consertar o computador. A Maria chega e pergunta: - Ó Manuel, já consertaste o computador?"," - Ainda não, Maria, ele trava mais que eu no trânsito!"
378,"O português vai ao médico e reclama: - Doutor, acho que estou com pressão alta! - Pressão alta, senhor?"," - Sim, toda vez que vejo a minha sogra, a pressão sobe!"
379,"O Joaquim estava a contar para o Manuel: - Sabes, Manuel, comprei um barco! - E já navegaste, Joaquim?"," - Tentei, mas ele insiste em ficar na garagem!"
380,"O português entra numa loja de roupas e pergunta: - Ó senhor, tem calça que não desbota? - Tem sim, senhor."," - Ótimo, porque as minhas desbotam só de olhar para a conta!"
381,"O Manuel estava a tentar aprender a pintar. A Maria chega e pergunta: - Ó Manuel, já pintaste alguma coisa?"," - Pintei, Maria, mas a parede disse que prefere ser branca!"
382,"O português vai ao restaurante e pergunta: - Ó garçom, este prato é picante? - Não, senhor, é suave."," - Suave? Então por que estou a suar só de olhar para ele?"
383,"O Joaquim estava a contar para o Manuel: - Sabes, Manuel, ontem fui a um karaoke! - E cantaste bem, Joaquim?"," - Cantei, mas o microfone pediu para eu parar!"
384,"O português entra numa farmácia e pergunta: - Ó senhor, tem remédio para stress? - Tem sim, senhor."," - Ótimo, porque estou stressado de tanto procurar remédio!"
385,"O Manuel estava a tentar consertar a lâmpada. A Maria chega e pergunta: - Ó Manuel, já trocaste a lâmpada?"," - Ainda não, Maria, ela insiste em ficar apagada!"
386,"O português vai ao médico e reclama: - Doutor, acho que estou com indigestão! - Indigestão, senhor?"," - Sim, engoli uma conta que não desce!"
387,"O Joaquim estava a contar para o Manuel: - Sabes, Manuel, comprei uma câmera fotográfica!"," - E já tiraste fotos, Joaquim? - Tirei, mas todas saíram escuras, que eu esqueci de tirar a tampa!"
388,"O português entra numa loja de esportes e pergunta: - Ó senhor, tem tênis que corre sozinho? - Não, senhor, mas temos um que ajuda a correr!"," - Então não quero, que eu corro atrás de problemas sem precisar de ajuda!"
389,"O Manuel estava a tentar aprender a tocar piano. A Maria chega e pergunta: - Ó Manuel, já aprendeste a tocar?"," - Ainda não, Maria, mas já sei fazer barulho em todas as teclas!"
390,"O português vai ao dentista e pergunta: - Ó doutor, este tratamento dói? - Não, senhor, é indolor. - Indolor?"," Então faz rápido, que a minha carteira já está a doer!"
391,"O Joaquim estava a contar para o Manuel: - Sabes, Manuel, ontem fui a uma exposição de arte! - E gostaste, Joaquim?"," - Gostei, mas as pinturas pareciam mais confusas que a minha vida!"
392,"O português entra numa loja de eletrônicos e pergunta: - Ó senhor, esta máquina faz cópias? - Faz sim, senhor. - E faz originais também? - Não, senhor."," - Então não presta, que eu quero ser original!"
393,"O Manuel estava a tentar consertar o aspirador. A Maria chega e pergunta: - Ó Manuel, já consertaste o aspirador?"," - Ainda não, Maria, ele aspira, mas agora sopra também!"
394,"O português vai ao médico e reclama: - Doutor, acho que estou com tontura! - Tontura, senhor?"," - Sim, toda vez que giro a cabeça, o mundo gira junto!"
395,"O Joaquim estava a contar para o Manuel: - Sabes, Manuel, comprei um skate! - E já andaste, Joaquim?"," - Andei, mas o skate insiste em ir para onde eu não quero!"
396,"O português entra numa padaria e pergunta: - Ó senhor, este bolo é de chocolate? - É sim, senhor. - E tem recheio? - Tem, senhor."," - Então corta um pedaço, que eu não quero comer o bolo todo!"
397,"O Manuel estava a tentar aprender a costurar. A Maria chega e pergunta: - Ó Manuel, já costuraste alguma coisa?"," - Costurei, Maria, mas agora a minha camisa tem três mangas!"
398,"O português vai ao oftalmologista e diz: - Doutor, acho que estou a ver mal! - Por quê, senhor?"," - Porque vejo o meu salário pequeno demais!"
399,"O Joaquim estava a contar para o Manuel: - Sabes, Manuel, ontem fui a um parque de diversões! - E gostaste, Joaquim?"," - Gostei, mas a montanha-russa disse que eu grito demais!"
400,"O português entra numa loja de brinquedos e pergunta: - Ó senhor, este brinquedo é à prova d’água? - É sim, senhor."," - Ótimo, porque o meu filho gosta de brincar na chuva!"
401,"O Manuel estava a tentar consertar o micro-ondas. A Maria chega e pergunta: - Ó Manuel, já consertaste o micro-ondas?"," - Ainda não, Maria, ele aquece, mas agora toca música!"
402,"O português vai ao médico e reclama: - Doutor, acho que estou com dor de estômago! - Dor de estômago, senhor?"," - Sim, toda vez que como, a carteira reclama!"
403,"O Joaquim estava a contar para o Manuel: - Sabes, Manuel, comprei um telescópio! - E já viste as estrelas, Joaquim?"," - Vi, mas agora estou com dor no pescoço de tanto olhar para cima!"
404,"O português entra numa farmácia e pergunta: - Ó senhor, tem remédio para falta de energia? - Tem sim, senhor."," - Ótimo, porque estou sem energia para pagar as contas!"
405,"O Manuel estava a tentar aprender a jogar xadrez. A Maria chega e pergunta: - Ó Manuel, já aprendeste a jogar?"," - Ainda não, Maria, mas já sei comer as peças!"
406,"O português vai ao restaurante e pergunta: - Ó garçom, este prato é saudável? - Saudável, senhor."," - Então traz dois, que eu quero viver muito!"
407,"O Joaquim estava a contar para o Manuel: - Sabes, Manuel, ontem fui a uma academia! - E fizeste exercício, Joaquim?"," - Fiz, mas agora os meus músculos estão em greve!"
408,"O português entra numa loja de celulares e pergunta: - Ó senhor, este telemóvel faz videochamadas? - Faz sim, senhor. - E faz chamadas para o passado? - Não, senhor."," - Então não presta, que eu quero falar com o meu eu mais rico!"
409,"O Manuel estava a tentar consertar a geladeira. A Maria chega e pergunta: - Ó Manuel, já consertaste a geladeira?"," - Ainda não, Maria, ela gela, mas agora faz barulho de motor!"
410,"O português vai ao dentista e pergunta: - Ó doutor, posso escovar os dentes com qualquer pasta? - Pode, senhor, desde que seja pasta de dente."," - Pasta de dente? Eu estava a usar pasta de amendoim!"
411,"O Joaquim estava a contar para o Manuel: - Sabes, Manuel, comprei uma impressora 3D! - E o que imprimiste, Joaquim?"," - Um prato, mas agora não sei como comer ele!"
412,"O português entra numa loja de esportes e pergunta: - Ó senhor, tem bicicleta que não cansa? - Não, senhor, mas temos uma que ajuda a pedalar!"," - Então não quero, que eu já estou cansado de pedalar a vida!"
413,"O Manuel estava a tentar aprender a fazer malabarismo. A Maria chega e pergunta: - Ó Manuel, já aprendeste a fazer malabarismo?"," - Quase, Maria, só falta aprender a não deixar as bolas caírem!"
414,"O português vai ao médico e reclama: - Doutor, acho que estou com alergia a trabalho! - Alergia a trabalho, senhor?"," - Sim, toda vez que penso em trabalhar, fico com sono!"
415,"O Joaquim estava a contar para o Manuel: - Sabes, Manuel, ontem fui a um aquário! - E viste muitos peixes, Joaquim?"," - Vi, mas eles nadam melhor que eu!"
416,"O português entra numa padaria e pergunta: - Ó senhor, este pão é caseiro? - Caseiro, senhor."," - Então por que não está na minha casa?"
417,"O Manuel estava a tentar consertar o ar-condicionado. A Maria chega e pergunta: - Ó Manuel, já consertaste o ar-condicionado?"," - Ainda não, Maria, ele esfria, mas agora faz barulho de tempestade!"
418,"O português vai ao banco e pergunta: - Ó senhor, posso guardar meu dinheiro aqui? - Pode, senhor, mas precisa abrir uma conta."," - Abrir uma conta? Eu só quero guardar, não gastar!"
419,"O Joaquim estava a contar para o Manuel: - Sabes, Manuel, comprei um drone novo! - E já voaste, Joaquim?"," - Voar, voei, mas agora estou a procurar onde ele aterrou!"
420,"O português entra numa loja de óculos e pergunta: - Ó senhor, tem óculos para ver melhor à noite? - Tem sim, senhor."," - Ótimo, porque à noite eu não vejo o que devo na carteira!"
421,"O Manuel estava a tentar aprender a tocar violão. A Maria chega e pergunta: - Ó Manuel, já aprendeste a tocar?"," - Ainda não, Maria, mas já sei fazer as cordas gritarem!"
422,"O português vai ao médico e reclama: - Doutor, acho que estou com insônia crônica! - Insônia crônica, senhor?"," - Sim, não durmo desde que vi o saldo da minha conta!"
423,"O Joaquim estava a contar para o Manuel: - Sabes, Manuel, ontem fui a um parque aquático! - E gostaste, Joaquim?"," - Gostei, mas saí mais molhado que o meu orçamento!"
424,"O português entra numa livraria e pergunta: - Ó senhor, tem livro para ficar rico? - Tem sim, senhor."," - Ótimo, mas tem algum que não precise ler?"
425,"O Manuel estava a tentar consertar o liquidificador. A Maria chega e pergunta: - Ó Manuel, já consertaste o liquidificador?"," - Ainda não, Maria, ele mistura, mas agora dança também!"
426,"O português vai ao restaurante e pergunta: - Ó garçom, este peixe é fresco? - Fresco, senhor, pescado hoje!"," - Pescado hoje? Então por que está com cara de ontem?"
427,"O Joaquim estava a contar para o Manuel: - Sabes, Manuel, comprei um carro elétrico! - E é bom, Joaquim?"," - É, mas agora estou a carregar a minha paciência!"
428,"O português entra numa farmácia e pergunta: - Ó senhor, tem remédio para dor de amor? - Dor de amor, senhor?"," - Sim, desde que a Maria me deixou, o coração dói!"
429,"O Manuel estava a tentar aprender a patinar. A Maria chega e pergunta: - Ó Manuel, já aprendeste a patinar?"," - Quase, Maria, só falta aprender a não cair de bunda!"
430,"O português vai ao dentista e pergunta: - Ó doutor, este dente pode durar mais? - Pode, senhor, se cuidar bem."," - Cuidar bem? Eu já escovo com força, mas ele insiste em fugir!"
431,"O Joaquim estava a contar para o Manuel: - Sabes, Manuel, ontem fui a um show de comédia! - E riste muito, Joaquim?"," - Ri, mas o comediante disse que eu era a melhor piada!"